"","","","","","","","","","","","","","","","","","","","","",""
"Pour chacune de ces affirmations, sélectionnez l'option qui reflète le mieux votre ressenti à propos de cette unité d'enseignement","","","","","","","","","","","","J'ai eu des difficultés à comprendre les sujets suivants","","","","","","","","",""
"Les attentes et les objectifs sont clairement définis","La structure du cours sur GitHub est cohérente, facile d'accès et permet de retrouver rapidement les informations que je cherche","Les contenus (supports, présentations, consignes, énoncés, etc.) sont pertinents et me permettent de travailler de façon autonome","Les présentations orales sont pertinentes et permettent de mieux comprendre la matière","Lorsque j’ai rencontré des difficultés, j’ai pu trouver des réponses à mes questions (grâce aux discussions en classe, aux supports de cours, etc.)","J'apprécie la durée courte des parties théoriques au début de chaque cours","Les exemples et les exercices sont pertinents et adaptés à mon niveau","L'unité d'enseignement est variée, motivante et permet de ne pas m'ennuyer","Je me sens capable de réaliser un programme Java simple qui interagit avec l'utilisatrice.","J'aurais plaisir à suivre une unité d'enseignement qui reprend la même méthode d'enseignement","J'ai particulièrement apprécié... ","J'ai moins apprécié et je propose... ","Compilation & Exécution","Variables & Constantes","Types","UML","Sélection (if/else)","Itération (while/for/foreach)","Fonctions","Tableaux","Bibliothèques","Autres remarques et commentaires "
"Plutôt d'accord ★★★☆","Tout à fait d'accord ★★★★","Tout à fait d'accord ★★★★","Plutôt d'accord ★★★☆","Plutôt d'accord ★★★☆","Pas d'accord ★★☆☆","Plutôt d'accord ★★★☆","Plutôt d'accord ★★★☆","Tout à fait d'accord ★★★★","Plutôt d'accord ★★★☆","Les parties théorie puis exercice en autonome avec assistance du prof ","","","","","","","","","","X",""
"Pas d'accord ★★☆☆","Plutôt d'accord ★★★☆","Pas d'accord ★★☆☆","Plutôt d'accord ★★★☆","Plutôt d'accord ★★★☆","Tout à fait d'accord ★★★★","Pas d'accord ★★☆☆","Tout à fait d'accord ★★★★","Pas du tout d'accord ★☆☆☆","Plutôt d'accord ★★★☆","Que l’enseignant fait de son mieux pour nous faire comprendre une matière difficile et pas appréciée.","Qu’on passe rapidement sur la théorie et que l’ont pratique qu’avec des exercices (ça serait cool de trouver un autre moyen de pratiquer le code, peut avec des logiciels ou jeux).","","X","","","","","X","","X","j’ai du mal à structurer mon code (syntaxe/vocabulaire), cela serait bien si on pouvait avoir une sorte de feuille de voc (meme si la doc est disponible). Une feuille de vocabulaire compressé avec le mot en java et sa ""traduction""/definition en français à côté."
"Tout à fait d'accord ★★★★","Pas d'accord ★★☆☆","Plutôt d'accord ★★★☆","Tout à fait d'accord ★★★★","Tout à fait d'accord ★★★★","Tout à fait d'accord ★★★★","Tout à fait d'accord ★★★★","Tout à fait d'accord ★★★★","Tout à fait d'accord ★★★★","Tout à fait d'accord ★★★★","","","","","","","","","","","",""
"Plutôt d'accord ★★★☆","Tout à fait d'accord ★★★★","Tout à fait d'accord ★★★★","Plutôt d'accord ★★★☆","Tout à fait d'accord ★★★★","Tout à fait d'accord ★★★★","Tout à fait d'accord ★★★★","Tout à fait d'accord ★★★★","Tout à fait d'accord ★★★★","Tout à fait d'accord ★★★★","D’avoir la deuxième partie du cours en autonome est vraiment génial. Mais je pense que à la fin du cette partie il faut faire la correction de 2-3 exercices qui ont posé le plus de difficultés :)","Faire quelques exercices ensemble à la fin, c’est mieux que c’est un des élève qui le fasse. Comme ça la deuxième partie du cours pourra être plus interactive. ","","","","X","","","","","X","Après la partie théorique, pendant la partie exercice je trouve que ce serait très intéressant de demander à un élève au hasard d’expliquer au tableau une des exercices. (Avec l’aide de professeur si besoin ). "
"Tout à fait d'accord ★★★★","Plutôt d'accord ★★★☆","Pas d'accord ★★☆☆","Pas d'accord ★★☆☆","Tout à fait d'accord ★★★★","Plutôt d'accord ★★★☆","Pas du tout d'accord ★☆☆☆","Plutôt d'accord ★★★☆","Tout à fait d'accord ★★★★","Plutôt d'accord ★★★☆","La vulgarisation du code qui est parfois complexe, l'écoute active de l'enseignement pour répondre aux besoin des élèves","La redondance des explications et le rythme du cours parfois trop lent qui pourrait faire décrocher certaines personnes.

-> Faire du live coding au tableau en interaction avec les élèves 
-> Pour un exercice plus complet, faire comme un projet open source où chacun amène sa pierre à l'édifice.","","","","","","","","","","Merci pour ce trimestre et bonne idée de proposer un sondage 👍🏻"
"Tout à fait d'accord ★★★★","Plutôt d'accord ★★★☆","Pas d'accord ★★☆☆","Tout à fait d'accord ★★★★","Tout à fait d'accord ★★★★","Pas d'accord ★★☆☆","Plutôt d'accord ★★★☆","Plutôt d'accord ★★★☆","Plutôt d'accord ★★★☆","Plutôt d'accord ★★★☆","Lorsqu'il y avait des questions en classe, la réponse était toujours claire et les explications compréhensibles. La structure des exercices est bien car on peut expérimenter avec tout ce qui a été enseigné pendant la leçon.","Je pense que le segment de présentation peut être un peu plus long quitte à ce qu'il y ait moins d'exercices. Il serait intéressant d'avoir des exemples plus complets et proches de ce qui est attendu dans les exercices afin d'illustrer ce qui a été expliqué dans la théorie : peut être en fin de présentation proposer un exemple à faire tous ensemble et partager ensuite le code sur le canal teams.","","","","","","","","X","X","-"
"Pas d'accord ★★☆☆","Plutôt d'accord ★★★☆","Plutôt d'accord ★★★☆","Pas d'accord ★★☆☆","Tout à fait d'accord ★★★★","Tout à fait d'accord ★★★★","Pas d'accord ★★☆☆","Plutôt d'accord ★★★☆","Pas d'accord ★★☆☆","Plutôt d'accord ★★★☆","","","","","","","","","","","X",""
"Plutôt d'accord ★★★☆","Pas d'accord ★★☆☆","Tout à fait d'accord ★★★★","Plutôt d'accord ★★★☆","Tout à fait d'accord ★★★★","Plutôt d'accord ★★★☆","Plutôt d'accord ★★★☆","Pas d'accord ★★☆☆","Plutôt d'accord ★★★☆","Tout à fait d'accord ★★★★","La simplicité avec laquelle est présentée la théorie","","","","","","","","","","","Vous faites de votre mieux pour présenter les cours meme si je suis conscient que parfois vous peinez à trouver les mots justes pour tout expliquer "
"Tout à fait d'accord ★★★★","Tout à fait d'accord ★★★★","Plutôt d'accord ★★★☆","Plutôt d'accord ★★★☆","Tout à fait d'accord ★★★★","Tout à fait d'accord ★★★★","Plutôt d'accord ★★★☆","Tout à fait d'accord ★★★★","Plutôt d'accord ★★★☆","Tout à fait d'accord ★★★★","Je trouve que la partie théorique courte et la pratique plus présente permet de comprendre les notions plus facilement","Je pense qu'il faudrait plus d'exercice qui évoluent, donc des exercices basiques sur la théorie apprise au début, puis le niveau qui se corce.","","","","","","","","X","",""
"Plutôt d'accord ★★★☆","Plutôt d'accord ★★★☆","Tout à fait d'accord ★★★★","Tout à fait d'accord ★★★★","Tout à fait d'accord ★★★★","Tout à fait d'accord ★★★★","Tout à fait d'accord ★★★★","Plutôt d'accord ★★★☆","Tout à fait d'accord ★★★★","Tout à fait d'accord ★★★★","L'investissement porté aux questions des élèves","","","","","","","","","","",""
"Tout à fait d'accord ★★★★","Tout à fait d'accord ★★★★","Tout à fait d'accord ★★★★","Tout à fait d'accord ★★★★","Tout à fait d'accord ★★★★","Tout à fait d'accord ★★★★","Tout à fait d'accord ★★★★","Tout à fait d'accord ★★★★","Tout à fait d'accord ★★★★","Tout à fait d'accord ★★★★","Les supports de cours complets, avec tout le contenu par écrit, m’aident énormément. 

Le fait que tout soit disponible au moment du cours, voire même avant, est vraiment pratique.

J’apprécie aussi d’avoir les solutions des exercices : ne pas devoir attendre une semaine lorsqu’on est bloqué, c’est vraiment précieux :).","rien de spécial :)","","","","","","","","","X",""
"Plutôt d'accord ★★★☆","Tout à fait d'accord ★★★★","Plutôt d'accord ★★★☆","Pas d'accord ★★☆☆","Tout à fait d'accord ★★★★","Tout à fait d'accord ★★★★","Tout à fait d'accord ★★★★","Plutôt d'accord ★★★☆","Tout à fait d'accord ★★★★","Plutôt d'accord ★★★☆","le fait qu'il y avait moins de théorie et plus de pratique. Personnellement, j'apprends plus en pratiquant qu'en théorisant.","d'élevé le niveau, parfois trop simple même pour des néophytes. ","","","","","","","","","",""
"Tout à fait d'accord ★★★★","Pas d'accord ★★☆☆","Plutôt d'accord ★★★☆","Pas d'accord ★★☆☆","Tout à fait d'accord ★★★★","Tout à fait d'accord ★★★★","Tout à fait d'accord ★★★★","Pas d'accord ★★☆☆","Tout à fait d'accord ★★★★","Pas d'accord ★★☆☆","","","","","","","","","","X","X",""
"Tout à fait d'accord ★★★★","Plutôt d'accord ★★★☆","Plutôt d'accord ★★★☆","Plutôt d'accord ★★★☆","Tout à fait d'accord ★★★★","Tout à fait d'accord ★★★★","Tout à fait d'accord ★★★★","Plutôt d'accord ★★★☆","Tout à fait d'accord ★★★★","Tout à fait d'accord ★★★★","Le format court de la théorie et la mise en avances des exercices. C'est tout le contraire de la façon de faire à Cheseaux, en Ingénierie informatique et c'est très appréciable pour progresser, surtout pour un domaine comme la programmation où il faut pratiquer pour s'améliorer. ","Les exercices devraient avoir un exemple de ""sortie attendue"" du programme que l'on doit réaliser. Parfois, les consignes des exercices sont un peu abstraites. ","X","","","","","","","","",""
"Tout à fait d'accord ★★★★","Pas du tout d'accord ★☆☆☆","Plutôt d'accord ★★★☆","Pas d'accord ★★☆☆","Plutôt d'accord ★★★☆","Plutôt d'accord ★★★☆","Plutôt d'accord ★★★☆","Pas d'accord ★★☆☆","Tout à fait d'accord ★★★★","Pas d'accord ★★☆☆","L’autonomie de travail lors des périodes d’enseignement ","La documentation sur GitHub, je pense que Cyberlearn serait un environnement plus adapté et pratique.","","","","","","","","","","Merci pour votre bienveillance."
"Plutôt d'accord ★★★☆","Plutôt d'accord ★★★☆","Tout à fait d'accord ★★★★","Plutôt d'accord ★★★☆","Tout à fait d'accord ★★★★","Tout à fait d'accord ★★★★","Plutôt d'accord ★★★☆","Plutôt d'accord ★★★☆","Pas d'accord ★★☆☆","Plutôt d'accord ★★★☆","","","","","","","","","","","",""
"Plutôt d'accord ★★★☆","Tout à fait d'accord ★★★★","Plutôt d'accord ★★★☆","Pas d'accord ★★☆☆","Plutôt d'accord ★★★☆","Plutôt d'accord ★★★☆","Pas d'accord ★★☆☆","Pas d'accord ★★☆☆","Plutôt d'accord ★★★☆","Plutôt d'accord ★★★☆","la relation entre prof élève ","Je sais que c'est difficile, mais il faut être plus a l'aise en donnant des explications et rendre le cours un peu plus dynamique.","","","","","","X","","X","X",""
"Tout à fait d'accord ★★★★","Plutôt d'accord ★★★☆","Tout à fait d'accord ★★★★","Plutôt d'accord ★★★☆","Tout à fait d'accord ★★★★","Tout à fait d'accord ★★★★","Tout à fait d'accord ★★★★","Plutôt d'accord ★★★☆","Tout à fait d'accord ★★★★","Tout à fait d'accord ★★★★","","","","","","","","","","","",""
"Plutôt d'accord ★★★☆","Pas d'accord ★★☆☆","Plutôt d'accord ★★★☆","Plutôt d'accord ★★★☆","Tout à fait d'accord ★★★★","Plutôt d'accord ★★★☆","Plutôt d'accord ★★★☆","Plutôt d'accord ★★★☆","Tout à fait d'accord ★★★★","Plutôt d'accord ★★★☆","La structure de cours, et votre attitude par rapport à l'enseignement.","Je n'ai rien à dire","","","","","","","","","",""
"Tout à fait d'accord ★★★★","Plutôt d'accord ★★★☆","Plutôt d'accord ★★★☆","Tout à fait d'accord ★★★★","Plutôt d'accord ★★★☆","Plutôt d'accord ★★★☆","Plutôt d'accord ★★★☆","Plutôt d'accord ★★★☆","Tout à fait d'accord ★★★★","Plutôt d'accord ★★★☆","La liberté lors de la réalisation des exercices et les présentations","","","","","","","","","","",""
"Plutôt d'accord ★★★☆","Plutôt d'accord ★★★☆","Plutôt d'accord ★★★☆","Pas d'accord ★★☆☆","Plutôt d'accord ★★★☆","Pas d'accord ★★☆☆","Pas d'accord ★★☆☆","Pas d'accord ★★☆☆","Plutôt d'accord ★★★☆","Pas d'accord ★★☆☆","","","","","","","","X","","X","X",""
"Plutôt d'accord ★★★☆","Plutôt d'accord ★★★☆","Plutôt d'accord ★★★☆","Tout à fait d'accord ★★★★","Plutôt d'accord ★★★☆","Plutôt d'accord ★★★☆","Plutôt d'accord ★★★☆","Plutôt d'accord ★★★☆","Plutôt d'accord ★★★☆","Plutôt d'accord ★★★☆","l'enseignant est super sympa et explique bien les choses","de proposer plus d'exercice facile, je me souviens que les premiers exercices était compliqué à comprendre et à réaliser","","","","X","","","","X","",""
"Tout à fait d'accord ★★★★","Plutôt d'accord ★★★☆","Tout à fait d'accord ★★★★","Plutôt d'accord ★★★☆","Plutôt d'accord ★★★☆","Tout à fait d'accord ★★★★","Plutôt d'accord ★★★☆","Plutôt d'accord ★★★☆","Plutôt d'accord ★★★☆","Tout à fait d'accord ★★★★","j'apprécie la manière dont le cours est donnée. La partie théorique nous permet de comprendre et ensuite,  la partie pratique avec les exercices de mettre en pratique la théorie et de bien l’assimiler.","Peut-être essayer de proposer plus d'exercices qu'on fait en classe puis qu'on le corrige ensemble. Comme ça on peut voir la réflexion et la marche à suivre pour écrire le code. ","","","","","","X","X","X","",""
"Plutôt d'accord ★★★☆","Plutôt d'accord ★★★☆","Plutôt d'accord ★★★☆","Pas d'accord ★★☆☆","Pas d'accord ★★☆☆","Plutôt d'accord ★★★☆","Pas d'accord ★★☆☆","Plutôt d'accord ★★★☆","Pas du tout d'accord ★☆☆☆","Tout à fait d'accord ★★★★","votre super examen qui m'a pas découragé, j'avais peur de l'examen car mon niveau était assez catastrophique,  mais ca ma permis de reprendre confiance en moi.","je comprends rien en programmation je trouve ca tres difficile, tant pour le systeme, tant le vocabulaire, mais cela n'est rien contre vous, car meme dans les autres matieres, je trouve cela compliqué.","","","","","X","X","X","X","X",""
"Plutôt d'accord ★★★☆","Tout à fait d'accord ★★★★","Tout à fait d'accord ★★★★","Tout à fait d'accord ★★★★","Tout à fait d'accord ★★★★","Plutôt d'accord ★★★☆","Tout à fait d'accord ★★★★","Plutôt d'accord ★★★☆","Plutôt d'accord ★★★☆","Plutôt d'accord ★★★☆","La structure du cours avec des présentations assez complètes et des exercices qui nous permettaient de mieux comprendre la matière","","","","","","","","","X","X",""
"Plutôt d'accord ★★★☆","Plutôt d'accord ★★★☆","Tout à fait d'accord ★★★★","Tout à fait d'accord ★★★★","Tout à fait d'accord ★★★★","Tout à fait d'accord ★★★★","Plutôt d'accord ★★★☆","Plutôt d'accord ★★★☆","Plutôt d'accord ★★★☆","Tout à fait d'accord ★★★★","La théorie était courte et complète. beaucoup de temps mis a disposition durant la période de cours pour pratiquer et faire les exercices. Les exercices bénéficiait de bonnes explications et aides pour faire les variable et savoir quelle type de méthode utilisé.","Certains exercice était plus difficiles et non expliquer dans la théorie au préalable. Il était parfois difficile de savoir quels exercices devaient être révisé pour le test.","","","","","","","X","","",""
"Plutôt d'accord ★★★☆","Plutôt d'accord ★★★☆","Tout à fait d'accord ★★★★","Tout à fait d'accord ★★★★","Plutôt d'accord ★★★☆","Tout à fait d'accord ★★★★","Plutôt d'accord ★★★☆","Plutôt d'accord ★★★☆","Pas d'accord ★★☆☆","Tout à fait d'accord ★★★★","Votre énergie et approche douce, et votre personalité bienveillante malgré la difficulté de la matière.  La liberté que vous nous donnez dans la partie pratique est aussi très agréable, même si elle était un peu trop grande durant les premières semaine.","Les 3 premières semaines ont été un peu plus difficiles puisque moins accompagnée, notamment au niveau de la correction d'exercice en classe, ou du manque d'une démonstration pratique et explicative à chaque étapes.","","X","","","","","X","X","","J'espère qu'on vous aura au semestre prochain! Je sais que toute la classe vous apprécie :)"
"Tout à fait d'accord ★★★★","Plutôt d'accord ★★★☆","Plutôt d'accord ★★★☆","Plutôt d'accord ★★★☆","Plutôt d'accord ★★★☆","Tout à fait d'accord ★★★★","Plutôt d'accord ★★★☆","Pas d'accord ★★☆☆","Plutôt d'accord ★★★☆","Plutôt d'accord ★★★☆","les exercices","la partie theorique mais ça n'a pas un lien avec la maniere de l'enseignement mais plus un lien avec ma capacité d'attention, je n'arrive pas à me concentrer longtemps durant la partie theorique","","","","","","","X","X","",""
"Plutôt d'accord ★★★☆","Tout à fait d'accord ★★★★","Plutôt d'accord ★★★☆","Plutôt d'accord ★★★☆","Tout à fait d'accord ★★★★","Plutôt d'accord ★★★☆","Plutôt d'accord ★★★☆","Plutôt d'accord ★★★☆","Pas d'accord ★★☆☆","Tout à fait d'accord ★★★★","la présence, l'écoute et la disponibilité de Mr Vincent","Le manque d'exercices résolu en classe, vu que la plupart étaient individuels ","","","","","","","X","","","peut être plus d'exercice à résoudre en classe tous ensemble durant les cours afin que tout le monde puisse éclaircir des zones d'ombres."
"Tout à fait d'accord ★★★★","Tout à fait d'accord ★★★★","Tout à fait d'accord ★★★★","Plutôt d'accord ★★★☆","Tout à fait d'accord ★★★★","Tout à fait d'accord ★★★★","Plutôt d'accord ★★★☆","Plutôt d'accord ★★★☆","Plutôt d'accord ★★★☆","Tout à fait d'accord ★★★★","le fait de nous laisser en autonomie pour faire les exercices à notre rythme, liberté d'avancer","les exercices sont montés en difficulté assez rapidement et il est assez difficile de se mettre dans le rythme, peut-être montrer un exemple avec un challenge concret à réaliser ?","","","","","","","","X","X","plaisir de venir en cours ;)"
"Pas d'accord ★★☆☆","Pas d'accord ★★☆☆","Pas d'accord ★★☆☆","Plutôt d'accord ★★★☆","Plutôt d'accord ★★★☆","Pas d'accord ★★☆☆","Pas d'accord ★★☆☆","Plutôt d'accord ★★★☆","Plutôt d'accord ★★★☆","Plutôt d'accord ★★★☆","J’apprécie vraiment l’énergie positive que vous apportez en classe chaque cours devient plus motivant et agréable. Vos exercices de programmation sont extrêmement utiles pour améliorer nos compétences et bien nous préparer à l’examen. Le test de préparation que vous nous avez donné était également une excellente façon de nous entraîner et de comprendre à quoi nous attendre. Merci pour tous les efforts que vous faites pour nous aider à réussir !","Concernant les aspects à améliorer, je pense que vous pourriez présenter les notions avec davantage de confiance, afin d’éviter toute confusion ou doute parmi les étudiants. Les exemples utilisés en classe me semblaient parfois peu pertinents ou difficiles à relier à nos propres expériences.
Nous avons aussi abordé certains sujets complexes assez rapidement, ce qui n’a pas toujours permis à tout le monde de comprendre pleinement ce qu’il faisait. Étant donné qu’il s’agit d’un cours d’introduction à la programmation, il serait bénéfique de montrer davantage le processus algorithmique, c’est-à-dire comment commencer un code, quelles étapes suivre et pourquoi. Souvent, les solutions étaient simplement collées puis expliquées, sans détailler le raisonnement qui mène à chaque étape.

Pour le premier examen, certaines questions à choix multiple étaient un peu confuses, voire trop simples. Globalement, le cours donnait parfois l’impression d’être très autodidacte, avec une théorie assez courte et parfois trop “générée par IA”. Je pense qu’il serait utile d’approfondir davantage chaque sujet, de pratiquer les exercices ensemble en classe et, à la fin de chaque activité, de montrer pas à pas la manière correcte de résoudre les exercices.","","","","X","","","X","X","",""
"Tout à fait d'accord ★★★★","Plutôt d'accord ★★★☆","Tout à fait d'accord ★★★★","Tout à fait d'accord ★★★★","Tout à fait d'accord ★★★★","Tout à fait d'accord ★★★★","Plutôt d'accord ★★★☆","Plutôt d'accord ★★★☆","Tout à fait d'accord ★★★★","Plutôt d'accord ★★★☆","Les explications simples et bien structurées pour qu'on comprenne la matière de a à z","Un peu plus de contenu collaboratif pendant les parties théoriques pour garder l'attention des élèves ","","","","","","","","","",""
"Tout à fait d'accord ★★★★","Plutôt d'accord ★★★☆","Plutôt d'accord ★★★☆","Plutôt d'accord ★★★☆","Tout à fait d'accord ★★★★","Tout à fait d'accord ★★★★","Pas d'accord ★★☆☆","Plutôt d'accord ★★★☆","Tout à fait d'accord ★★★★","Plutôt d'accord ★★★☆","L'autonomie qu'on avait durant le court.
La courte partie théorique.
Les ressources sont plutôt claire.","Un appuie sur la phase théorique qui pourrait mieux exprimer les concepts en les mettant en contexte et les imager avec des exemples car actuellement, le cours donne plus l'impression de suivre un cours en ligne ou un tutoriel. Cela me donne l'impression d'apprendre un langage sans but car je ne sais pas pourquoi concrètement je l'apprend.
Une partie mise en commun à la fin des exercice peut être intéressante afin de solidifie les acquis directement dans le cours.","","","","","","","X","X","X",""
"Tout à fait d'accord ★★★★","Tout à fait d'accord ★★★★","Tout à fait d'accord ★★★★","Tout à fait d'accord ★★★★","Tout à fait d'accord ★★★★","Tout à fait d'accord ★★★★","Plutôt d'accord ★★★☆","Plutôt d'accord ★★★☆","Plutôt d'accord ★★★☆","Plutôt d'accord ★★★☆","J'ai apprécié l'ensemble du cours","Rien","","","","","","","X","X","X",""
"Plutôt d'accord ★★★☆","Pas d'accord ★★☆☆","Plutôt d'accord ★★★☆","Plutôt d'accord ★★★☆","Tout à fait d'accord ★★★★","Plutôt d'accord ★★★☆","Plutôt d'accord ★★★☆","Plutôt d'accord ★★★☆","Plutôt d'accord ★★★☆","Plutôt d'accord ★★★☆","","","","","","","","","","","",""
"Tout à fait d'accord ★★★★","Plutôt d'accord ★★★☆","Tout à fait d'accord ★★★★","Tout à fait d'accord ★★★★","Tout à fait d'accord ★★★★","Tout à fait d'accord ★★★★","Plutôt d'accord ★★★☆","Plutôt d'accord ★★★☆","Plutôt d'accord ★★★☆","Plutôt d'accord ★★★☆","la bienveillance ","de pas faire assez souvent des exercices tous ensembles, ou de les corriger ensembles. ","","","","","","","","X","X",""
"Tout à fait d'accord ★★★★","Plutôt d'accord ★★★☆","Tout à fait d'accord ★★★★","Tout à fait d'accord ★★★★","Tout à fait d'accord ★★★★","Tout à fait d'accord ★★★★","Tout à fait d'accord ★★★★","Plutôt d'accord ★★★☆","Tout à fait d'accord ★★★★","Tout à fait d'accord ★★★★","L'écoute portée qui nous a été porté et la bienveillance.","","","","","","","","","X","",""
"Tout à fait d'accord ★★★★","Tout à fait d'accord ★★★★","Tout à fait d'accord ★★★★","Tout à fait d'accord ★★★★","Plutôt d'accord ★★★☆","Tout à fait d'accord ★★★★","Tout à fait d'accord ★★★★","Tout à fait d'accord ★★★★","Plutôt d'accord ★★★☆","Tout à fait d'accord ★★★★","La dynamique du cours, le fait d'avoir de la théorie et beaucoup de temps pour s'entraîner après ce qui permet de consolider les connaissances.","J'allais proposé justement des petits projets type petit jeux à réalisé mais c'est ce qui est déjà prévu:)","","","","","","","","X","X","Les tableaux était assez difficile à comprendre pour moi mais je pense qu'il faut juste de l'entraînement."
"Plutôt d'accord ★★★☆","Tout à fait d'accord ★★★★","Plutôt d'accord ★★★☆","Plutôt d'accord ★★★☆","Plutôt d'accord ★★★☆","Tout à fait d'accord ★★★★","Pas d'accord ★★☆☆","Plutôt d'accord ★★★☆","Plutôt d'accord ★★★☆","Plutôt d'accord ★★★☆","le format du cours, théorie et le temps libre mis à disposition pour faire les exercices, cependant j'aurai aimé que l'on fasse 1 ou 2 exercice ensemble pour être sûr que j'ai bien compris la matière.","","X","X","","","","","","","",""
"Tout à fait d'accord ★★★★","Plutôt d'accord ★★★☆","Tout à fait d'accord ★★★★","Plutôt d'accord ★★★☆","Tout à fait d'accord ★★★★","Tout à fait d'accord ★★★★","Plutôt d'accord ★★★☆","Plutôt d'accord ★★★☆","Pas d'accord ★★☆☆","Plutôt d'accord ★★★☆","Les supports de cours qui nous ont été mis à disposition ainsi que la disponibilité du prof pour répondre à nos questions.","Le fait d'avoir seulement la théorie et ce serait bien de temps en temps de faire des exemples d'exercices en classe.","","","","","","","","X","X","Le cours est très bien amené malgré la matière qui peut être compliqué."
"Tout à fait d'accord ★★★★","Pas d'accord ★★☆☆","Tout à fait d'accord ★★★★","Plutôt d'accord ★★★☆","Tout à fait d'accord ★★★★","Tout à fait d'accord ★★★★","Tout à fait d'accord ★★★★","Pas d'accord ★★☆☆","Plutôt d'accord ★★★☆","Tout à fait d'accord ★★★★","Comment les support de cours sont fais, ils sont vraiment super et m'ont permis de comprendre beaucoup de chose. les exercice sont aussi très bien et permettent de suivre un file rouge. ","Ce que je proposerai pour rendre le cours un peu plus challengeant, c'est de faire des exercices/mini challenges à faire et à corriger devant la classe par un ou une  élève chaque semaine. ","","","","","","","","","X","Le cours en soi est vraiment super et permet de bien évoluer en java, en partant de rien. C'est vraiment bien pour les personnes qui n'avaient aucune base au début. "
"Tout à fait d'accord ★★★★","Plutôt d'accord ★★★☆","Tout à fait d'accord ★★★★","Plutôt d'accord ★★★☆","Plutôt d'accord ★★★☆","Tout à fait d'accord ★★★★","Tout à fait d'accord ★★★★","Plutôt d'accord ★★★☆","Tout à fait d'accord ★★★★","Tout à fait d'accord ★★★★","La compréhension et l'écoute apportée de façon bienveillante","","","","","","","","","X","","c'était super"
"Plutôt d'accord ★★★☆","Pas d'accord ★★☆☆","Plutôt d'accord ★★★☆","Plutôt d'accord ★★★☆","Tout à fait d'accord ★★★★","Plutôt d'accord ★★★☆","Plutôt d'accord ★★★☆","Plutôt d'accord ★★★☆","Pas d'accord ★★☆☆","Plutôt d'accord ★★★☆","J'ai apprécié pouvoir effectuer des exercices en cours et ainsi pouvoir recevoir de l'aide directement si j'en avais besoin, ainsi que la bienveillance générale du cours/de l'enseignement.","J'ai moins apprécié l'aspect  abstrait et non beginner-friendly de java, on se perd très vite et je pense que pouvoir comprendre ce que le code signifie en en faisant une phrase peut s'avouer très utile dans certains cas.
Je pense aussi qu'un rappel bref en début de cours sur le sujet de la semaine précédente pourrait aider à le garder en tête, peut-être  en faisant un exercice ensemble et en l'expliquant étape par étape.","X","","","X","","","","X","X","J'espère que l'on vous aura aussi au semestre prochain !"
"Tout à fait d'accord ★★★★","Plutôt d'accord ★★★☆","Tout à fait d'accord ★★★★","Tout à fait d'accord ★★★★","Tout à fait d'accord ★★★★","Tout à fait d'accord ★★★★","Plutôt d'accord ★★★☆","Tout à fait d'accord ★★★★","Plutôt d'accord ★★★☆","Tout à fait d'accord ★★★★","Tout, j'avais beaucoup d'aprioris sur java puis j'étais surprise en bien car c'était pas si horrible que ce que j'avais en souvenir.
La partie théorique était très bien expliquée !","Peut-être un cours qui explique le vocabulaire java et de programmation en général de façon très simple, un peu comme si on l'expliquait à des enfants.
Je sais pas si c'était très clair désolée","","","","","","","X","","","Rien restez comme vous êtes!"
"Tout à fait d'accord ★★★★","Tout à fait d'accord ★★★★","Tout à fait d'accord ★★★★","Plutôt d'accord ★★★☆","Tout à fait d'accord ★★★★","Plutôt d'accord ★★★☆","Tout à fait d'accord ★★★★","Plutôt d'accord ★★★☆","Pas d'accord ★★☆☆","Plutôt d'accord ★★★☆","Le fait d'avoir tout ce contenu disponible sur github, on peut facilement reprendre tous les points pas maitrisés et bénéficier de beaucoup de théorie / exercice pour le travailler. Le support est vraiment pratique et sert d'un vrai complément à la théorie vu en classe.","La partie théorique orale mais principalement car j'ai plus de peine personellement à apprendre de cette façon. ","","","","","","X","X","X","",""
